informal,normalized,category,pos,example_input,example_output,notes
poguren,going,INFORMAL_VERB,VERB,"naan poguren","I am going","Present continuous of poga"
pogiren,going,INFORMAL_VERB,VERB,"naan pogiren","I am going","Variant spelling"
pokiren,going,INFORMAL_VERB,VERB,"naan pokiren","I am going","Common colloquial variant"
varen,coming,INFORMAL_VERB,VERB,"naan varen","I am coming","Present continuous of vara"
vandhen,came,INFORMAL_VERB,VERB,"naan vandhen","I came","Past tense of vara"
vandhaan,he came,INFORMAL_VERB,VERB,"avan vandhaan","he came","Past tense masculine third person"
vandhaanga,they came,INFORMAL_VERB,VERB,"avaanga vandhaanga","they came","Past tense third person plural"
solluvaen,I will tell,INFORMAL_VERB,VERB,"naan solluvaen","I will tell","Future tense"
varuvaen,I will come,INFORMAL_VERB,VERB,"naan varuvaen","I will come","Future tense"
paathukko,take care,INFORMAL_VERB,VERB,"paathukko da","take care","Reflexive imperative"
paatheengala,did you see,INFORMAL_VERB,VERB,"paatheengala","did you see","Past tense polite interrogative"
kelungala,did you hear,INFORMAL_VERB,VERB,"kelungala","did you hear","Past tense polite interrogative"
saaptinga,did you eat,INFORMAL_VERB,VERB,"saaptinga","did you eat","Past tense polite second person"
irukkiya,are you there,INFORMAL_VERB,VERB,"irukkiya","are you there","Present interrogative"
irukken,I am (here),INFORMAL_VERB,VERB,"naan irukken","I am here","First person present"
pannuviya,will you do,INFORMAL_VERB,VERB,"pannuviya","will you do it","Future interrogative"
solluvia,will you tell,INFORMAL_VERB,VERB,"solluvia","will you tell","Future interrogative"
varuviya,will you come,INFORMAL_VERB,VERB,"varuviya","will you come","Future interrogative"
ah irukku,it is,INFORMAL_VERB,COPULA,"nalla ah irukku","it is good","Copula 'is' with emphasis particle ah"
la irukku,is there / it has,INFORMAL_VERB,COPULA,"problem la irukku","there is a problem","Existential copula with la"
iruku,is / are,INFORMAL_VERB,COPULA,"avan iruku","he is","Informal copula"
en la,what is this,EXPRESSION,PHRASE,"en la idu","what is this","Exasperation / surprise"
ada,oh / hey,EXPRESSION,INTERJECTION,"ada dei","hey","Surprise or mild exasperation"
aiyo,oh no,EXPRESSION,INTERJECTION,"aiyo da","oh no","Tamil exclamation of distress"
aiyoo,oh no (emphatic),EXPRESSION,INTERJECTION,"aiyoo da","oh no","Emphatic variant"
ayyo,oh no,EXPRESSION,INTERJECTION,"ayyo enna","oh no what","Common distress exclamation"
ade,indeed / exactly,EXPRESSION,INTERJECTION,"ade da","exactly","Agreement / confirmation exclamation"
sappa,boring / bad,ADJECTIVE,ADJECTIVE,"sappa movie","boring movie","Informal negative quality"
mela,above / upper,ADJECTIVE,POSTPOSITION,"mela paaru","look above","Location postposition"
kela,below / under,ADJECTIVE,POSTPOSITION,"kela paaru","look below","Location postposition"
adha paaru,look at that,EXPRESSION,PHRASE,"adha paaru","look at that","Demonstrative + verb"
ithu,this,PRONOUN,DEMONSTRATIVE,"ithu enna","what is this","Near demonstrative"
athu,that,PRONOUN,DEMONSTRATIVE,"athu enna","what is that","Far demonstrative"
yaaravutu,with someone,ADJECTIVE,POSTPOSITION,"yaaravutu pesra","talking with someone","Comitative postposition"
thaan,only / itself,PARTICLE,PARTICLE,"avan thaan","only him","Restrictive particle / focus marker"
kuda,also / too / with,PARTICLE,PARTICLE,"naan kuda varen","I am also coming","Additive / comitative particle"
ellam,all / everything,QUANTIFIER,QUANTIFIER,"ellam okay","everything is okay","Universal quantifier"
onnum,nothing / not at all,QUANTIFIER,QUANTIFIER,"onnum theriyathu","don't know anything","Negative universal"
yaarum,nobody,QUANTIFIER,QUANTIFIER,"yaarum illa","nobody is there","Negative person quantifier"
ethuvu,whatever,QUANTIFIER,QUANTIFIER,"ethuvu seri","whatever is fine","Indefinite choice"
apram,then / later,TEMPORAL,ADVERB,"apram sollu","tell me later","Sequential / later time"
already,already,TEMPORAL,ADVERB,"already aachi","already done","English borrowing common in Tanglish"
innum,still / yet / more,TEMPORAL,ADVERB,"innum vanthucha","has he come yet","Continuative or additive"
fast ah,quickly,MANNER,ADVERB,"fast ah pannu","do it quickly","Tanglish manner adverb"
slowly ah,slowly,MANNER,ADVERB,"slowly ah sollu","tell me slowly","Tanglish manner adverb"
correct ah,correctly / right,MANNER,ADVERB,"correct ah pannu","do it correctly","Quality manner adverb"
proper ah,properly,MANNER,ADVERB,"proper ah pannu","do it properly","Quality manner adverb"
direct ah,directly,MANNER,ADVERB,"direct ah vaa","come directly","Path adverb"
free ah,free / available,MANNER,ADVERB,"free ah irukiya","are you free","Availability or cost"
late ah,late,MANNER,ADVERB,"late ah varen","coming late","Time manner"

