expression,normalized,category,dialect,example_input,example_output,notes
remind pannu,remind me,ASSISTANT_CMD,Standard,"naalaikku remind pannu","remind me tomorrow","Core reminder command"
remind pannunga,please remind me,ASSISTANT_CMD,Standard,"remind pannunga sir","please remind me sir","Polite reminder command"
remind panni kudu,please remind me,ASSISTANT_CMD,Standard,"remind panni kudu","please remind me","Causative reminder form"
alarm vai,set alarm,ASSISTANT_CMD,Standard,"6 maniku alarm vai","set alarm at 6 o'clock","Alarm set command"
alarm vaikku,set alarm,ASSISTANT_CMD,Standard,"7 maniku alarm vaikku","set alarm at 7","Variant alarm command"
alarm set pannu,set alarm,ASSISTANT_CMD,Standard,"alarm set pannu","set alarm","Tanglish alarm command"
call pannu,call,ASSISTANT_CMD,Standard,"appa ku call pannu","call father","Make call command"
call pottu kudu,call,ASSISTANT_CMD,Standard,"amma ku call pottu kudu","call mother","Make call causative"
phone pannu,call,ASSISTANT_CMD,Standard,"thambi ku phone pannu","call my brother","Phone call command"
phone pottu kudu,call,ASSISTANT_CMD,Standard,"appa ku phone pottu kudu","call father","Phone causative"
message anuppu,send message to,ASSISTANT_CMD,Standard,"thambi ku message anuppu","send message to brother","Send message command"
message podu,send message to,ASSISTANT_CMD,Standard,"thambi ku message podu","send message to brother","Message send variant"
message pannu,send message to,ASSISTANT_CMD,Standard,"thambi ku message pannu","send message to brother","Tanglish message command"
open pannu,open,ASSISTANT_CMD,Standard,"WhatsApp open pannu","open WhatsApp","Open app command"
close pannu,close,ASSISTANT_CMD,Standard,"WhatsApp close pannu","close WhatsApp","Close app command"
off pannu,turn off,ASSISTANT_CMD,Standard,"wifi off pannu","turn off wifi","Device off command"
on pannu,turn on,ASSISTANT_CMD,Standard,"wifi on pannu","turn on wifi","Device on command"
kammi pannu,reduce,ASSISTANT_CMD,Standard,"volume kammi pannu","reduce volume","Decrease command"
koothu,increase,ASSISTANT_CMD,Standard,"brightness koothu","increase brightness","Increase command"
kooraikku,decrease,ASSISTANT_CMD,Standard,"volume kooraikku","decrease volume","Variant decrease"
search pannu,search,ASSISTANT_CMD,Standard,"bangalore population search pannu","search Bangalore population","Search command"
vazhi kaatu,give directions to,ASSISTANT_CMD,Standard,"coimbatore ku vazhi kaatu","give directions to Coimbatore","Navigation command"
route sollu,give route to,ASSISTANT_CMD,Standard,"office ku route sollu","give route to office","Route command"
navigate pannu,navigate to,ASSISTANT_CMD,Standard,"office ku navigate pannu","navigate to office","Navigation Tanglish"
eppadi iruku,how is,QUERY_CMD,Standard,"weather eppadi iruku","how is the weather","Status query"
eppadi iruka,how are you,QUERY_CMD,Standard,"AVA eppadi iruka","AVA how are you","Greeting query"
eppadi irukeenga,how are you (polite),QUERY_CMD,Standard,"eppadi irukeenga","how are you","Polite query"
sollu da,tell me,QUERY_CMD,Chennai,"weather sollu da","tell me the weather","Informal query command"
evlo nu sollu,tell me how much,QUERY_CMD,Standard,"cost evlo nu sollu","tell me how much the cost is","Price query"
enna iruku,what is there / what is it,QUERY_CMD,Standard,"enna iruku","what is there","Existence query"
enna nu sollu,tell me what,QUERY_CMD,Standard,"enna nu sollu","tell me what it is","Information query"
paathu sollu,check and tell me,QUERY_CMD,Standard,"paathu sollu","check and tell me","Check-then-report command"
paathu pannunga,please check and do,QUERY_CMD,Standard,"paathu pannunga","please check and do it","Polite check command"
gym poga,go to the gym,ACTIVITY_CMD,Standard,"evening gym poga remind pannu","remind me to go to the gym in the evening","Gym activity"
saapida poga,go to eat,ACTIVITY_CMD,Standard,"saapida poga sollu","tell me to go eat","Eating activity"
thookka poga,go to sleep,ACTIVITY_CMD,Standard,"thookka poga time aachi","time to go to sleep","Sleep activity"
vanakkam solu,greet / say hello,SOCIAL_CMD,Standard,"ava ku vanakkam solu","greet her","Greeting command"
bye solu,say goodbye,SOCIAL_CMD,Standard,"bye solu","say goodbye","Parting command"
submit panna,to submit,ACTIVITY_CMD,Standard,"assignment submit panna remind pannu","remind me to submit the assignment","Submission task"
saapida remind pannu,remind me to eat,ACTIVITY_CMD,Standard,"medicine saapida remind pannu","remind me to take medicine","Medicine reminder"
mazhai varuma,will it rain,WEATHER_QUERY,Standard,"naalaikku mazhai varuma","will it rain tomorrow","Rain query"
hot ah iruku,it is hot,WEATHER_STMT,Standard,"today romba hot ah iruku","it is very hot today","Temperature statement"
cold ah iruku,it is cold,WEATHER_STMT,Standard,"today romba cold ah iruku","it is very cold today","Temperature statement"
late ah varen,I will come late,STATUS_STMT,Standard,"late ah varen","I will come late","Lateness statement"
on the way,on the way,STATUS_STMT,Standard,"naan on the way","I am on the way","Travel status"
almost aachi,almost done,STATUS_STMT,Standard,"almost aachi","almost done","Completion status"
aachi,it's done / finished,STATUS_STMT,Standard,"aachi da","it's done","Completion statement"
mudichitaen,I finished / I completed,STATUS_STMT,Standard,"mudichitaen","I finished","Completion verb"
okay aachi,it became okay,STATUS_STMT,Standard,"okay aachi","it is now okay","Resolution statement"
problem illai,no problem,STATUS_STMT,Standard,"problem illai","no problem","Absence of issue"
theriyathu da,I don't know,KNOWLEDGE_STMT,Standard,"theriyathu da","I don't know","Knowledge negation"
theriyum da,I know,KNOWLEDGE_STMT,Standard,"theriyum da","I know","Knowledge affirmation"
paathu solluvaen,I'll check and tell you,KNOWLEDGE_STMT,Standard,"paathu solluvaen","I'll check and tell you","Check-then-report promise"
try pannuvaen,I'll try,COMMITMENT_STMT,Standard,"try pannuvaen","I'll try","Effort commitment"
confirm pannu,confirm,ASSISTANT_CMD,Standard,"booking confirm pannu","confirm the booking","Confirmation command"
cancel pannu,cancel,ASSISTANT_CMD,Standard,"order cancel pannu","cancel the order","Cancellation command"

