informal,normalized,category,dialect,example_input,example_output,notes
pannu,do,VERB,Standard,"pannu da","do it","General-purpose Tamil verb suffix / standalone imperative"
pannunga,please do,VERB,Standard,"pannunga sir","please do sir","Polite form of pannu"
sollu,tell,VERB,Standard,"sollu da","tell me","Imperative of solu (to tell/say)"
sollunga,tell me,VERB,Standard,"sollunga","tell me","Polite imperative"
paaru,look / check,VERB,Standard,"paaru da","look","Imperative of paakka (to see/look)"
paarunga,please check,VERB,Standard,"paarunga sir","please check sir","Polite imperative"
vaa,come,VERB,Standard,"vaa da","come","Imperative of vara (to come)"
poo,go,VERB,Standard,"poo da","go","Imperative of poga (to go)"
kudu,give,VERB,Standard,"kudu da","give","Imperative of kudukka (to give)"
kuduppu,give it,VERB,Standard,"kuduppu","give it","Emphatic form of kudu"
thaa,give me,VERB,Standard,"thaa da","give me","Informal imperative"
saapidu,eat,VERB,Standard,"saapidu","eat","Imperative of saapida (to eat)"
saapidungo,please eat,VERB,Standard,"saapidungo","please eat","Polite imperative"
pidikku,hold / take,VERB,Standard,"pidikku","take hold of","Imperative"
podu,play / put,VERB,Standard,"podu","play","Dual-use: play music or put/place"
pottukku,put on / apply,VERB,Standard,"pottukku","put on","Informal form"
thookku,lift,VERB,Standard,"thookku","lift it","Imperative"
koottu,add / bring,VERB,Standard,"koottu","add it","Imperative"
tholaikku,remove,VERB,Standard,"tholaikku","remove it","Imperative"
mudivu pannu,decide,VERB,Standard,"mudivu pannu","decide","Compound verb"
try pannu,try,VERB,Standard,"try pannu","try","Tanglish compound verb"
check pannu,check,VERB,Standard,"check pannu","check","Tanglish compound verb"
fix pannu,fix,VERB,Standard,"fix pannu","fix it","Tanglish compound verb"
share pannu,share,VERB,Standard,"share pannu","share it","Tanglish compound verb"
send pannu,send,VERB,Standard,"send pannu","send it","Tanglish compound verb"
dei,<FILLER>,FILLER,Chennai,"dei vaa","come","Masculine informal address; no semantic content"
da,<FILLER>,FILLER,Chennai,"vaa da","come","Masculine sentence-final address particle"
di,<FILLER>,FILLER,Chennai,"vaa di","come","Feminine sentence-final address particle"
machi,<FILLER>,FILLER,Chennai,"machi sollu","tell me","Peer address; no semantic content"
machan,<FILLER>,FILLER,Chennai,"machan enna","what","Peer address"
bruh,<FILLER>,FILLER,Chennai,"bruh nee","you","English slang address"
bro,<FILLER>,FILLER,Chennai,"bro sollu","tell","English slang address"
vaada,<FILLER>,FILLER,Chennai,"vaada vaa","come","Masculine address particle"
la,<FILLER>,FILLER,Kongu,"poo la","go","Sentence-final particle; Kongu dialect"
pa,<FILLER>,FILLER,Nellai,"vaa pa","come","Sentence-final address; Nellai dialect"
ppa,<FILLER>,FILLER,Nellai,"sollu ppa","tell","Emphatic particle; Nellai dialect"
nu,<FILLER>,FILLER,Standard,"solluven nu","I will tell","Quotative marker; often droppable"
nga,<FILLER>,FILLER,Standard,"pannunga","please do","Politeness suffix on verb"
ku,<FILLER>,FILLER,Standard,"amma ku","to mother","Dative case suffix; removed in glossing"
kku,<FILLER>,FILLER,Standard,"avankku","to him","Dative case suffix variant"
romba,very,INTENSIFIER,Standard,"romba nalla","very good","Degree intensifier"
bayangara,extremely,INTENSIFIER,Standard,"bayangara hot","extremely hot","Strong intensifier"
semma,great / very good,INTENSIFIER,Chennai,"semma song","great song","Chennai intensifier / superlative"
jolly,fun,ADJECTIVE,Chennai,"jolly ah iruku","it's fun","Anglo-Tamil adjective"
nalla,good,ADJECTIVE,Standard,"nalla iruku","good","Common positive adjective"
ketta,bad,ADJECTIVE,Standard,"ketta iruku","bad","Negative quality"
mukkiyam,important,ADJECTIVE,Standard,"mukkiyam","important","Formal Tamil preserved in Tanglish"
konjam,a little / some,QUANTIFIER,Standard,"konjam wait","wait a little","Quantity diminutive"
oru,a / one,QUANTIFIER,Standard,"oru coffee","a coffee","Indefinite article in Tamil"
rendu,two,QUANTIFIER,Standard,"rendu coffee","two coffees","Number"
moonu,three,QUANTIFIER,Standard,"moonu times","three times","Number"
naalu,four,QUANTIFIER,Standard,"naalu naala","four days","Number"
anju,five,QUANTIFIER,Standard,"anju minute","five minutes","Number"
naalaikku,tomorrow,TEMPORAL,Standard,"naalaikku vaa","come tomorrow","Time expression"
nalaiku,tomorrow,TEMPORAL,Standard,"nalaiku vaa","come tomorrow","Variant spelling"
naalaiku,tomorrow,TEMPORAL,Standard,"naalaiku vaa","come tomorrow","Variant spelling"
inniku,today,TEMPORAL,Standard,"inniku pogalam","we can go today","Time expression"
innaiku,today,TEMPORAL,Standard,"innaiku pogalam","we can go today","Variant spelling"
ipo,now,TEMPORAL,Standard,"ipo vaa","come now","Colloquial form of ippo"
ippo,now,TEMPORAL,Standard,"ippo vaa","come now","Time expression"
raathiri,tonight,TEMPORAL,Standard,"raathiri dinner","dinner tonight","Evening time"
kaalaila,in the morning,TEMPORAL,Standard,"kaalaila vaa","come in the morning","Morning time expression"
mudhal,first / before,TEMPORAL,Standard,"mudhal sollu","tell me first","Sequential marker"
naan,I,PRONOUN,Standard,"naan varuveen","I will come","First person singular"
nee,you,PRONOUN,Standard,"nee vaa","you come","Second person informal singular"
avan,he,PRONOUN,Standard,"avan vandhaan","he came","Third person masculine"
ava,she / AVA,PRONOUN,Standard,"ava solluvaala","will she tell","Third person feminine; also AVA assistant name"
anga,there,PRONOUN,Standard,"anga paarunga","look there","Location pronoun"
inga,here,PRONOUN,Standard,"inga vaa","come here","Location pronoun"
enna,what,QUESTION,Standard,"enna panra","what are you doing","Question word"
yenna,what,QUESTION,Standard,"yenna panra","what are you doing","Variant of enna"
evlo,how much / how many,QUESTION,Standard,"evlo cost","how much cost","Quantity question"
eppo,when,QUESTION,Standard,"eppo varu","when will you come","Time question"
eppadi,how,QUESTION,Standard,"eppadi iruka","how are you","Manner question"
enge,where,QUESTION,Standard,"enge pore","where are you going","Location question"
yaaru,who,QUESTION,Standard,"yaaru sollunaanga","who said","Person question"
yen,why,QUESTION,Standard,"yen panra","why are you doing","Reason question"
vanakkam,hello,GREETING,Standard,"vanakkam sir","hello sir","Formal Tamil greeting"
hai,hello,GREETING,Standard,"hai da","hi","Casual greeting"
bye,goodbye,GREETING,Standard,"bye da","goodbye","Parting expression"
seri,okay / alright,AFFIRMATIVE,Standard,"seri da","okay","Agreement / acknowledgement"
okay,okay,AFFIRMATIVE,Standard,"okay pannu","okay do it","Borrowed English affirmative"
aama,yes,AFFIRMATIVE,Madurai,"aama sollu","yes tell me","Madurai affirmative"
illa,no,NEGATION,Standard,"illa da","no","Negative particle"
illai,no / not,NEGATION,Standard,"illai","no","Formal negative"
illya,no (emphatic),NEGATION,Standard,"illya da","definitely no","Emphatic negative"
vendam,don't want / don't,NEGATION,Standard,"vendam da","don't","Negative desire / prohibition"
mateen,will not,CONTRACTION,Standard,"poga mateen","will not go","Negative future tense contraction"
matten,will not,CONTRACTION,Standard,"poga matten","will not go","Variant of mateen"
mudiyathu,cannot,CONTRACTION,Standard,"poga mudiyathu","cannot go","Negative ability"
theriyathu,I don't know,CONTRACTION,Standard,"theriyathu da","I don't know","Negative knowledge"
theriyum,I know,CONTRACTION,Standard,"theriyum da","I know","Positive knowledge"
puriyuthu,I understand,CONTRACTION,Standard,"puriyuthu","I understand","Comprehension"
puriyala,I don't understand,CONTRACTION,Standard,"puriyala da","I don't understand","Negative comprehension"
amma,mother,PRONOUN,Standard,"amma vaa","mother come","Family noun acting as pronoun"
appa,father,PRONOUN,Standard,"appa vaa","father come","Family noun acting as pronoun"
vandha,came,INFORMAL_VERB,Standard,"ava vandha","she came","Past tense"
poga,go,VERB,Standard,"poga mateen","will not go","Infinitive to go"

